{
  "name": "Skylimpiadas 2026",
  "mapping_polygon": [
    [-23.556155420723545, -46.73015665658359],
    [-23.55600319782435, -46.730529912648095],
    [-23.555752046273376, -46.73037915643976],
    [-23.555903871211704, -46.73008947786607]
  ],
  "capture": {
    "interval_seconds": 2.0,
    "camera_index": 0,
    "image_width": 1280,
    "image_height": 720
  },
  "bases": {
    "blue_triangle": {
      "shape": "triangle",
      "hsv_lower": [110, 70, 40],
      "hsv_upper": [128, 255, 255],
      "min_area_px": 300
    },
    "orange_hexagon": {
      "shape": "hexagon",
      "hsv_lower": [0, 100, 60],
      "hsv_upper": [10, 255, 255],
      "min_area_px": 300
    }
  },
  "webodm": {
    "preset": "Fast Orthophoto",
    "parameters": {
      "auto-boundary": true,
      "fast-orthophoto": true,
      "feature-quality": "ultra",
      "orthophoto-resolution": 2,
      "pc-quality": "low",
      "skip-3dmodel": true
    }
  }
}
